medalist_name,Event,Medalist
Bair Badënov,Male Archery,bronze
Ilario Di Buò,Male Archery,silver
Im Dong-hyun,Male Archery,gold
Jiang Lin,Male Archery,bronze
Lee Chang-hwan,Male Archery,gold
Li Wenquan,Male Archery,bronze
Marco Galiazzo,Male Archery,silver
Mauro Nespoli,Male Archery,silver
Park Kyung-mo,Male Archery,silver
Viktor Ruban,Male Archery,gold
Xue Haifeng,Male Archery,bronze
Bérengère Schuh,Female Archery,bronze
Chen Ling,Female Archery,silver
Guo Dan,Female Archery,silver
Joo Hyun-Jung,Female Archery,gold
Park Sung-hyun,Female Archery,silver
Sophie Dodemont,Female Archery,bronze
Virginie Arnold,Female Archery,bronze
Yun Ok-hee,Female Archery,bronze
Zhang Juanjuan,Female Archery,gold
Aaron Armstrong,Male Athletics,gold
Ainārs Kovals,Male Athletics,silver
Alex Schwazer,Male Athletics,gold
Alfred Kirwa Yego,Male Athletics,bronze
Andrae Williams,Male Athletics,silver
Andreas Thorkildsen,Male Athletics,gold
Andrei Krauchanka,Male Athletics,silver
Andretti Bain,Male Athletics,silver
Andrew Steele,Male Athletics,bronze
Andrey Silnov,Male Athletics,gold
Angelo Taylor,Male Athletics,gold
Asbel Kiprop,Male Athletics,gold
Avard Moncur,Male Athletics,silver
Bershawn Jackson,Male Athletics,bronze
Brimin Kipruto,Male Athletics,gold
Bruno de Barros,Male Athletics,bronze
Bryan Clay,Male Athletics,gold
Chris Brown,Male Athletics,silver
Christian Cantwell,Male Athletics,silver
David Neville,Male Athletics,bronze
David Oliver,Male Athletics,bronze
David Payne,Male Athletics,silver
Dayron Robles,Male Athletics,gold
Denis Nizhegorodov,Male Athletics,bronze
Derek Miles,Male Athletics,bronze
Dylan Armstrong,Male Athletics,bronze
Edwin Soi,Male Athletics,bronze
Eliud Kipchoge,Male Athletics,silver
Emmanuel Callender,Male Athletics,gold
Gerd Kanter,Male Athletics,gold
Germaine Mason,Male Athletics,silver
Godfrey Khotso Mokoena,Male Athletics,silver
Ibrahim Camejo,Male Athletics,bronze
Irving Saladino,Male Athletics,gold
Ismail Ahmed Ismail,Male Athletics,silver
Ivan Tsikhan,Male Athletics,bronze
Jaouad Gharib,Male Athletics,silver
Jared Tallent,Male Athletics,bronze
Jefferson Pérez,Male Athletics,silver
Jeremy Wariner,Male Athletics,silver
José Carlos Moreira,Male Athletics,bronze
Kenenisa Bekele,Male Athletics,gold
Kerron Clement,Male Athletics,silver
Keston Bledman,Male Athletics,gold
LaShawn Merritt,Male Athletics,gold
Leevan Sands,Male Athletics,bronze
Leonel Suárez,Male Athletics,bronze
Mahiedine Mekhissi-Benabbad,Male Athletics,silver
Marc Burns,Male Athletics,gold
Martyn Rooney,Male Athletics,bronze
Mehdi Baala,Male Athletics,bronze
Micah Kogo,Male Athletics,bronze
Michael Bingham,Male Athletics,bronze
Michael Mathieu,Male Athletics,silver
Naoki Tsukahara,Male Athletics,silver
Nelson Évora,Male Athletics,gold
Nick Willis,Male Athletics,silver
Nobuharu Asahara,Male Athletics,silver
Phillips Idowu,Male Athletics,silver
Piotr Małachowski,Male Athletics,silver
Primož Kozmus,Male Athletics,gold
Ramon Miller,Male Athletics,silver
Reggie Witherspoon,Male Athletics,gold
Richard Mateelong,Male Athletics,bronze
Richard Thompson,Male Athletics,silver
Robert Tobin,Male Athletics,bronze
Samuel Wanjiru,Male Athletics,gold
Sandro Viana,Male Athletics,bronze
Shawn Crawford,Male Athletics,silver
Shingo Suetsugu,Male Athletics,silver
Shinji Takahira,Male Athletics,silver
Sileshi Sihine,Male Athletics,silver
Steve Hooker,Male Athletics,gold
Tero Pitkämäki,Male Athletics,bronze
Tomasz Majewski,Male Athletics,gold
Tsegaye Kebede,Male Athletics,bronze
Usain Bolt,Male Athletics,gold
Vadim Devyatovskiy,Male Athletics,silver
Valeriy Borchin,Male Athletics,gold
Vicente de Lima,Male Athletics,bronze
Virgilijus Alekna,Male Athletics,bronze
Walter Dix,Male Athletics,bronze
Wilfred Bungei,Male Athletics,gold
Yaroslav Rybakov,Male Athletics,bronze
Yevgeny Lukyanenko,Male Athletics,silver
Agnes Osazuwa,Female Athletics,silver
Allyson Felix,Female Athletics,silver
Anna Chicherova,Female Athletics,bronze
Barbora Špotáková,Female Athletics,gold
Blanka Vlašić,Female Athletics,silver
Blessing Okagbare,Female Athletics,silver
Bobby-Gaye Wilkins,Female Athletics,silver
Catherine Ndereba,Female Athletics,silver
Chelsea Hammond,Female Athletics,bronze
Christina Obergföll,Female Athletics,bronze
Christine Ohuruogu,Female Athletics,gold
Constantina Diță,Female Athletics,gold
Dawn Harper-Nelson,Female Athletics,gold
Elisa Rigaudo,Female Athletics,bronze
Ene Franca Idoko,Female Athletics,silver
Eunice Jepkorir,Female Athletics,silver
Françoise Mbango Etone,Female Athletics,gold
Gloria Kemasuode,Female Athletics,silver
Gong Lijiao,Female Athletics,bronze
Gölnara Galkina-Sämitevä,Female Athletics,gold
Halimat Ismaila,Female Athletics,silver
Hanna Mariën,Female Athletics,gold
Hasna Benhassi,Female Athletics,bronze
Hyleas Fountain,Female Athletics,silver
Iryna Lishchynska,Female Athletics,silver
Janeth Jepkosgei,Female Athletics,silver
Jennifer Suhr,Female Athletics,silver
Kelly Sotherton,Female Athletics,bronze
Kerron Stewart,Female Athletics,bronze
Kim Gevaert,Female Athletics,gold
Kjersti Plätzer,Female Athletics,silver
Linet Masai,Female Athletics,bronze
Lucimar de Moura,Female Athletics,bronze
Manuela Montebrun,Female Athletics,bronze
Marilyn Okoro,Female Athletics,bronze
Mariya Abakumova,Female Athletics,silver
Mary Wineberg,Female Athletics,gold
Maurren Maggi,Female Athletics,gold
Melaine Walker,Female Athletics,gold
Meseret Defar,Female Athletics,silver
Monique Henderson,Female Athletics,gold
Nancy Langat,Female Athletics,gold
Nataliya Dobrynska,Female Athletics,gold
Nataliya Tobias,Female Athletics,bronze
Natasha Hastings,Female Athletics,gold
Nicola Sanders,Female Athletics,bronze
Novlene Williams-Mills,Female Athletics,silver
Olena Antonova,Female Athletics,silver
Olga Kaniskina,Female Athletics,gold
Olivia Borlée,Female Athletics,gold
Oludamola Osayomi,Female Athletics,silver
Pamela Jelimo,Female Athletics,gold
Priscilla Lopes-Schliep,Female Athletics,bronze
Rosemar Coelho Neto,Female Athletics,bronze
Rosemarie Whyte,Female Athletics,silver
Rosângela Santos,Female Athletics,bronze
Sally Pearson,Female Athletics,silver
Sanya Richards-Ross,Female Athletics,bronze
Shalane Flanagan,Female Athletics,silver
Sheena Tosta,Female Athletics,silver
Shelly-Ann Fraser-Pryce,Female Athletics,gold
Shereefa Lloyd,Female Athletics,silver
Shericka Williams,Female Athletics,silver
Sherone Simpson,Female Athletics,silver
Song Aimin,Female Athletics,bronze
Stephanie Brown Trafton,Female Athletics,gold
Svetlana Feofanova,Female Athletics,bronze
Sylvia Jebiwott Kibet,Female Athletics,bronze
Tasha Danvers,Female Athletics,bronze
Tatyana Chernova,Female Athletics,bronze
Thaissa Presti,Female Athletics,bronze
Tia Hellebaut,Female Athletics,gold
Tirunesh Dibaba,Female Athletics,gold
Valerie Adams,Female Athletics,gold
Veronica Campbell-Brown,Female Athletics,gold
Yekaterina Volkova,Female Athletics,bronze
Yelena Isinbayeva,Female Athletics,gold
Yipsi Moreno,Female Athletics,gold
Zhang Wenxiu,Female Athletics,silver
Zhou Chunxiu,Female Athletics,bronze
Élodie Ouédraogo,Female Athletics,gold
Cai Yun,Male Badminton,silver
Chen Jin,Male Badminton,bronze
Fu Haifeng,Male Badminton,silver
He Hanbin,Male Badminton,bronze
Hendra Setiawan,Male Badminton,gold
Hwang Ji-man,Male Badminton,bronze
Lee Chong Wei,Male Badminton,silver
Lee Jae-jin,Male Badminton,bronze
Lee Yong-dae,Male Badminton,gold
Lin Dan,Male Badminton,gold
Markis Kido,Male Badminton,gold
Nova Widianto,Male Badminton,silver
Du Jing,Female Badminton,gold
Lee Hyo-jung,Female Badminton,silver
Lee Kyung-won,Female Badminton,silver
Liliyana Natsir,Female Badminton,silver
Maria Kristin Yulianti,Female Badminton,bronze
Wei Yili,Female Badminton,bronze
Xie Xingfang,Female Badminton,silver
Yu Yang,Female Badminton,gold
Zhang Ning,Female Badminton,gold
Zhang Yawen,Female Badminton,bronze
Adiel Palma,Male Baseball,silver
Alexander Malleta,Male Baseball,silver
Alexei Bell,Male Baseball,silver
Alfredo Despaigne,Male Baseball,silver
Ariel Pestano,Male Baseball,silver
Blaine Neal,Male Baseball,bronze
Bong Jung-keun,Male Baseball,gold
Brandon Knight,Male Baseball,bronze
Brett Anderson,Male Baseball,bronze
Brian Barden,Male Baseball,bronze
Brian Duensing,Male Baseball,bronze
Casey Weathers,Male Baseball,bronze
Chong Tae-hyon,Male Baseball,gold
Dexter Fowler,Male Baseball,bronze
Eduardo Paret,Male Baseball,silver
Elier Sánchez,Male Baseball,silver
Eriel Sánchez,Male Baseball,silver
Frederich Cepeda,Male Baseball,silver
Giorvis Duvergel,Male Baseball,silver
Han Ki-joo,Male Baseball,gold
Hyun-jin Ryu,Male Baseball,gold
Héctor Olivera,Male Baseball,silver
Jake Arrieta,Male Baseball,bronze
Jang Won-sam,Male Baseball,gold
Jason Donald,Male Baseball,bronze
Jayson Nix,Male Baseball,bronze
Jeff Stevens,Male Baseball,bronze
Jeong Keun-woo,Male Baseball,gold
Jeremy Cummings,Male Baseball,bronze
Jin Kab-yong,Male Baseball,gold
John Gall,Male Baseball,bronze
Jonder Martínez,Male Baseball,silver
Kang Min-ho,Male Baseball,gold
Kevin Jepsen,Male Baseball,bronze
Kim Dong-ju,Male Baseball,gold
Kim Hyun-soo,Male Baseball,gold
Kim Kwang-hyun,Male Baseball,gold
Kim Min-jae,Male Baseball,gold
Ko Young-min,Male Baseball,gold
Kwon Hyuk,Male Baseball,gold
Lee Dae-ho,Male Baseball,gold
Lee Jin-young,Male Baseball,gold
Lee Jong-wook,Male Baseball,gold
Lee Seung-yuop,Male Baseball,gold
Lee Taek-keun,Male Baseball,gold
Lee Yong-kyu,Male Baseball,gold
Lou Marson,Male Baseball,bronze
Luis Miguel Navas,Male Baseball,silver
Luis Miguel Rodríguez,Male Baseball,silver
Matt LaPorta,Male Baseball,bronze
Matthew Brown,Male Baseball,bronze
Michel Enríquez,Male Baseball,silver
Miguel Lahera,Male Baseball,silver
Mike Hessman,Male Baseball,bronze
Mike Koplove,Male Baseball,bronze
Nate Schierholtz,Male Baseball,bronze
Norberto González,Male Baseball,silver
Norge Luis Vera,Male Baseball,silver
Oh Seung-hwan,Male Baseball,gold
Park Jin-man,Male Baseball,gold
Pedro Luis Lazo,Male Baseball,silver
Rolando Meriño,Male Baseball,silver
Song Seung-jun,Male Baseball,gold
Stephen Strasburg,Male Baseball,bronze
Taylor Teagarden,Male Baseball,bronze
Terry Tiffee,Male Baseball,bronze
Trevor Cahill,Male Baseball,bronze
Vicyohandri Odelín,Male Baseball,silver
Yadier Pedroso,Male Baseball,silver
Yoandry Urgellés,Male Baseball,silver
Yoon Suk-min,Male Baseball,gold
Yulieski Gurriel,Male Baseball,silver
Andrés Nocioni,Male Basketball,bronze
Antonio Porta,Male Basketball,bronze
Berni Rodríguez,Male Basketball,silver
Carlos Boozer,Male Basketball,gold
Carlos Delfino,Male Basketball,bronze
Carlos Jiménez,Male Basketball,silver
Carmelo Anthony,Male Basketball,gold
Chris Bosh,Male Basketball,gold
Chris Paul,Male Basketball,gold
Dwight Howard,Male Basketball,gold
Dwyane Wade,Male Basketball,gold
Fabricio Oberto,Male Basketball,bronze
Federico Kammerichs,Male Basketball,bronze
Felipe Reyes,Male Basketball,silver
Jason Kidd,Male Basketball,gold
Jorge Garbajosa,Male Basketball,silver
José Calderón,Male Basketball,silver
Juan Carlos Navarro,Male Basketball,silver
Juan Pedro Gutiérrez,Male Basketball,bronze
Kobe Bryant,Male Basketball,gold
LeBron James,Male Basketball,gold
Leonardo Gutiérrez,Male Basketball,bronze
Luis Scola,Male Basketball,bronze
Manu Ginóbili,Male Basketball,bronze
Marc Gasol,Male Basketball,silver
Michael Redd,Male Basketball,gold
Pablo Prigioni,Male Basketball,bronze
Paolo Quinteros,Male Basketball,bronze
Pau Gasol,Male Basketball,silver
Raül López,Male Basketball,silver
Ricky Rubio,Male Basketball,silver
Román González,Male Basketball,bronze
Rudy Fernández,Male Basketball,silver
Tayshaun Prince,Male Basketball,gold
Álex Mumbrú,Male Basketball,silver
Becky Hammon,Female Basketball,bronze
Belinda Snell,Female Basketball,silver
Candace Parker,Female Basketball,gold
Cappie Pondexter,Female Basketball,gold
DeLisha Milton-Jones,Female Basketball,gold
Diana Taurasi,Female Basketball,gold
Emma Randall,Female Basketball,silver
Erin Phillips,Female Basketball,silver
Hollie Grima,Female Basketball,silver
Ilona Korstin,Female Basketball,bronze
Irina Osipova,Female Basketball,bronze
Irina Sokolovskaya,Female Basketball,bronze
Jenni Screen,Female Basketball,silver
Kara Lawson,Female Basketball,gold
Katie Smith,Female Basketball,gold
Kristi Harrower,Female Basketball,silver
Laura Summerton,Female Basketball,silver
Lauren Jackson,Female Basketball,silver
Lisa Leslie,Female Basketball,gold
Maria Stepanova,Female Basketball,bronze
Marina Karpunina,Female Basketball,bronze
Marina Kuzina,Female Basketball,bronze
Natalia Vodopyanova,Female Basketball,bronze
Oxana Rakhmatulina,Female Basketball,bronze
Penny Taylor,Female Basketball,silver
Rohanee Cox,Female Basketball,silver
Seimone Augustus,Female Basketball,gold
Sue Bird,Female Basketball,gold
Suzy Batkovic,Female Basketball,silver
Svetlana Abrosimova,Female Basketball,bronze
Sylvia Fowles,Female Basketball,gold
Tamika Catchings,Female Basketball,gold
Tatiana Shchegoleva,Female Basketball,bronze
Tina Thompson,Female Basketball,gold
Tully Bevilaqua,Female Basketball,silver
Yekaterina Lisina,Female Basketball,bronze
Aleksei Tishchenko,Male Boxing,gold
Alexis Vastine,Male Boxing,bronze
Andry Laffita,Male Boxing,silver
Bakhyt Sarsekbayev,Male Boxing,gold
Bruno Julie,Male Boxing,bronze
Carlos Banteux,Male Boxing,silver
Clemente Russo,Male Boxing,silver
Daouda Sow,Male Boxing,silver
Darren Sutherland,Male Boxing,bronze
David Price,Male Boxing,bronze
Deontay Wilder,Male Boxing,bronze
Emilio Correa,Male Boxing,silver
Enkhbatyn Badar-Uugan,Male Boxing,gold
Georgy Balakshin,Male Boxing,bronze
Hrachik Javakhyan,Male Boxing,bronze
James DeGale,Male Boxing,gold
Kanat Islam,Male Boxing,bronze
Kenny Egan,Male Boxing,silver
Khedafi Djelkhir,Male Boxing,silver
Kim Jung-joo,Male Boxing,bronze
Manuel Félix Díaz,Male Boxing,gold
Manus Boonjumnong,Male Boxing,silver
Matthew Luu,Male Boxing,bronze
Osmay Acosta,Male Boxing,bronze
Paddy Barnes,Male Boxing,bronze
Pürevdorjiin Serdamba,Male Boxing,silver
Rakhim Chakhkiyev,Male Boxing,gold
Roberto Cammarelle,Male Boxing,gold
Roniel Iglesias,Male Boxing,bronze
Shahin Imranov,Male Boxing,bronze
Somjit Jongjohor,Male Boxing,gold
Tony Jeffries,Male Boxing,bronze
Vasyl Lomachenko,Male Boxing,gold
Veaceslav Gojan,Male Boxing,bronze
Vijender Singh,Male Boxing,bronze
Vincenzo Picardi,Male Boxing,bronze
Yakup Kılıç,Male Boxing,bronze
Yampier Hernández,Male Boxing,bronze
Yankiel León,Male Boxing,silver
Yerkebulan Shynaliyev,Male Boxing,bronze
Yordenis Ugás,Male Boxing,bronze
Zhang Xiaoping,Male Boxing,gold
Zhang Zhilei,Male Boxing,silver
Zou Shiming,Male Boxing,gold
Adam van Koeverden,Male Canoeing And Kayaking,silver
Aleksandr Kostoglod,Male Canoeing And Kayaking,silver
Alexander Grimm,Male Canoeing And Kayaking,gold
Aliaksandr Bahdanovich,Male Canoeing And Kayaking,gold
Aliaksei Abalmasau,Male Canoeing And Kayaking,gold
Andrea Facchin,Male Canoeing And Kayaking,bronze
Andreas Ihle,Male Canoeing And Kayaking,gold
Andrei Bahdanovich,Male Canoeing And Kayaking,gold
Antonio Scaduto,Male Canoeing And Kayaking,bronze
Artur Litvinchuk,Male Canoeing And Kayaking,gold
Attila Vajda,Male Canoeing And Kayaking,gold
Benjamin Boukpeti,Male Canoeing And Kayaking,bronze
Björn Goldschmidt,Male Canoeing And Kayaking,bronze
Carlos Pérez Rial,Male Canoeing And Kayaking,gold
Christian Gille,Male Canoeing And Kayaking,bronze
David Cal,Male Canoeing And Kayaking,silver
David Florence,Male Canoeing And Kayaking,silver
Dmitry Larionov,Male Canoeing And Kayaking,bronze
Eirik Verås Larsen,Male Canoeing And Kayaking,silver
Erik Vlček,Male Canoeing And Kayaking,silver
Fabien Lefèvre,Male Canoeing And Kayaking,silver
György Kozmann,Male Canoeing And Kayaking,bronze
Jaroslav Volf,Male Canoeing And Kayaking,silver
Juraj Tarr,Male Canoeing And Kayaking,silver
Ken Wallace,Male Canoeing And Kayaking,gold
Kim Wraae Knudsen,Male Canoeing And Kayaking,silver
Lutz Altepost,Male Canoeing And Kayaking,bronze
Martin Hollstein,Male Canoeing And Kayaking,gold
Maxim Opalev,Male Canoeing And Kayaking,gold
Meng Guanliang,Male Canoeing And Kayaking,gold
Michal Martikán,Male Canoeing And Kayaking,gold
Michal Riszdorfer,Male Canoeing And Kayaking,silver
Mikhail Kuznetsov,Male Canoeing And Kayaking,bronze
Norman Bröckl,Male Canoeing And Kayaking,bronze
Ondřej Štěpánek,Male Canoeing And Kayaking,silver
Pavol Hochschorner,Male Canoeing And Kayaking,gold
Peter Hochschorner,Male Canoeing And Kayaking,gold
Raman Pietrushenka,Male Canoeing And Kayaking,bronze
René Holten Poulsen,Male Canoeing And Kayaking,silver
Richard Riszdorfer,Male Canoeing And Kayaking,silver
Robin Bell,Male Canoeing And Kayaking,bronze
Ronald Rauhe,Male Canoeing And Kayaking,silver
Saúl Craviotto,Male Canoeing And Kayaking,gold
Sergey Ulegin,Male Canoeing And Kayaking,silver
Tamás Kiss,Male Canoeing And Kayaking,bronze
Thomas Hall,Male Canoeing And Kayaking,bronze
Tim Brabants,Male Canoeing And Kayaking,bronze
Tim Wieskötter,Male Canoeing And Kayaking,silver
Tomasz Wylenzek,Male Canoeing And Kayaking,bronze
Torsten Eckbrett,Male Canoeing And Kayaking,bronze
Vadzim Makhneu,Male Canoeing And Kayaking,bronze
Yang Wenjun,Male Canoeing And Kayaking,gold
Yuriy Cheban,Male Canoeing And Kayaking,bronze
Aneta Konieczna,Female Canoeing And Kayaking,silver
Anne-Laure Viard,Female Canoeing And Kayaking,bronze
Beata Mikołajczyk,Female Canoeing And Kayaking,silver
Chantal Meek,Female Canoeing And Kayaking,bronze
Conny Waßmuth,Female Canoeing And Kayaking,gold
Danuta Kozák,Female Canoeing And Kayaking,silver
Elena Kaliská,Female Canoeing And Kayaking,gold
Fanny Fischer,Female Canoeing And Kayaking,gold
Gabriella Szabó,Female Canoeing And Kayaking,silver
Hannah Davis,Female Canoeing And Kayaking,bronze
Inna Osypenko-Radomska,Female Canoeing And Kayaking,gold
Jacqueline Lawrence,Female Canoeing And Kayaking,silver
Josefa Idem,Female Canoeing And Kayaking,silver
Katalin Kovács,Female Canoeing And Kayaking,gold
Katrin Wagner-Augustin,Female Canoeing And Kayaking,bronze
Lisa Oldenhof,Female Canoeing And Kayaking,bronze
Lyndsie Fogarty,Female Canoeing And Kayaking,bronze
Marie Delattre,Female Canoeing And Kayaking,bronze
Natasa Dusev-Janics,Female Canoeing And Kayaking,gold
Nicole Reinhardt,Female Canoeing And Kayaking,gold
Violetta Oblinger-Peters,Female Canoeing And Kayaking,bronze
Alexandr Kolobnev,Male Road Bicycle Racing,bronze
Fabian Cancellara,Male Road Bicycle Racing,silver
Gustav Larsson,Male Road Bicycle Racing,silver
Levi Leipheimer,Male Road Bicycle Racing,bronze
Samuel Sánchez,Male Road Bicycle Racing,gold
Emma Johansson,Female Road Bicycle Racing,silver
Emma Pooley,Female Road Bicycle Racing,silver
Karin Thürig,Female Road Bicycle Racing,bronze
Kristin Armstrong,Female Road Bicycle Racing,gold
Nicole Cooke,Female Road Bicycle Racing,gold
Tatiana Guderzo,Female Road Bicycle Racing,bronze
Alex Rasmussen,Male Track Cycling,silver
Alexei Markov,Male Track Cycling,bronze
Arnaud Tournant,Male Track Cycling,silver
Bradley Wiggins,Male Track Cycling,gold
Casper Jørgensen,Male Track Cycling,silver
Chris Hoy,Male Track Cycling,gold
Chris Newton,Male Track Cycling,bronze
Ed Clancy,Male Track Cycling,gold
Geraint Thomas,Male Track Cycling,gold
Grégory Baugé,Male Track Cycling,silver
Hayden Roulston,Male Track Cycling,silver
Jamie Staff,Male Track Cycling,gold
Jason Kenny,Male Track Cycling,silver
Jens-Erik Madsen,Male Track Cycling,silver
Jesse Sergent,Male Track Cycling,bronze
Joan Llaneras Roselló,Male Track Cycling,silver
Juan Curuchet,Male Track Cycling,gold
Kiyofumi Nagai,Male Track Cycling,bronze
Kévin Sireau,Male Track Cycling,silver
Marc Ryan,Male Track Cycling,bronze
Maximilian Levy,Male Track Cycling,bronze
Michael Færk Christensen,Male Track Cycling,silver
Michael Mørkøv,Male Track Cycling,silver
Mickaël Bourgain,Male Track Cycling,bronze
Mikhail Ignatiev,Male Track Cycling,bronze
Paul Manning,Male Track Cycling,gold
René Enders,Male Track Cycling,bronze
Roger Kluge,Male Track Cycling,silver
Ross Edgar,Male Track Cycling,silver
Sam Bewley,Male Track Cycling,bronze
Stefan Nimke,Male Track Cycling,bronze
Steven Burke,Male Track Cycling,bronze
Toni Tauler,Male Track Cycling,silver
Walter Pérez,Male Track Cycling,gold
Westley Gough,Male Track Cycling,bronze
Anna Meares,Female Track Cycling,silver
Guo Shuang,Female Track Cycling,bronze
Leire Olaberria,Female Track Cycling,bronze
Lesya Kalytovska,Female Track Cycling,bronze
Marianne Vos,Female Track Cycling,gold
Rebecca Romero,Female Track Cycling,gold
Victoria Pendleton,Female Track Cycling,gold
Wendy Houvenaghel,Female Track Cycling,silver
Yoanka González,Female Track Cycling,silver
Jean-Christophe Péraud,Male Mountain Biking,silver
Julien Absalon,Male Mountain Biking,gold
Nino Schurter,Male Mountain Biking,bronze
Irina Kalentieva,Female Mountain Biking,bronze
Maja Włoszczowska,Female Mountain Biking,silver
Sabine Spitz,Female Mountain Biking,gold
Donny Robinson,Male Bmx,bronze
Mike Day,Male Bmx,silver
Māris Štrombergs,Male Bmx,gold
Anne-Caroline Chausson,Female Bmx,gold
Jill Kintner,Female Bmx,bronze
Laëtitia Le Corguillé,Female Bmx,silver
Alexandre Despatie,Male Diving,silver
Dmitri Sautin,Male Diving,silver
Dmitriy Dobroskok,Male Diving,bronze
Gleb Galperin,Male Diving,bronze
He Chong,Male Diving,gold
Huo Liang,Male Diving,gold
Illya Kvasha,Male Diving,bronze
Lin Yue,Male Diving,gold
Matthew Mitcham,Male Diving,gold
Oleksiy Pryhorov,Male Diving,bronze
Patrick Hausding,Male Diving,silver
Qin Kai,Male Diving,bronze
Sascha Klein,Male Diving,silver
Wang Feng,Male Diving,gold
Yuriy Kunakov,Male Diving,silver
Zhou Lüxin,Male Diving,silver
Anastasia Pozdniakova,Female Diving,silver
Briony Cole,Female Diving,silver
Chen Ruolin,Female Diving,gold
Ditte Kotzian,Female Diving,bronze
Guo Jingjing,Female Diving,gold
Heike Fischer,Female Diving,bronze
Melissa Wu,Female Diving,silver
Paola Espinosa,Female Diving,bronze
Tatiana Ortiz,Female Diving,bronze
Wang Xin,Female Diving,bronze
Wu Minxia,Female Diving,bronze
Yuliya Pakhalina,Female Diving,silver
Émilie Heymans,Female Diving,silver
Anky van Grunsven,Female Equestrian Sport,gold
Anne van Olst,Female Equestrian Sport,bronze
Beezie Madden,Female Equestrian Sport,bronze
Christina Liebherr,Female Equestrian Sport,bronze
Daisy Dick,Female Equestrian Sport,bronze
Gina Miles,Female Equestrian Sport,silver
Heike Kemmer,Female Equestrian Sport,bronze
Imke Bartels,Female Equestrian Sport,silver
Ingrid Klimke,Female Equestrian Sport,gold
Isabell Werth,Female Equestrian Sport,silver
Jill Henselwood,Female Equestrian Sport,silver
Kristina Cook,Female Equestrian Sport,bronze
Laura Kraut,Female Equestrian Sport,gold
Lucinda Fredericks,Female Equestrian Sport,silver
Mary King,Female Equestrian Sport,bronze
Megan Jones,Female Equestrian Sport,silver
Nadine Capellmann,Female Equestrian Sport,gold
Princess Nathalie of Sayn-Wittgenstein-Berleburg,Female Equestrian Sport,bronze
Sharon Hunt,Female Equestrian Sport,bronze
Sonja Johnson,Female Equestrian Sport,silver
Andreas Dibowski,Male Equestrian Sport,gold
Andreas Helgstrand,Male Equestrian Sport,bronze
Clayton Fredericks,Male Equestrian Sport,silver
Eric Lamaze,Male Equestrian Sport,gold
Frank Ostholt,Male Equestrian Sport,gold
Hans Peter Minderhoud,Male Equestrian Sport,silver
Hinrich Romeike,Male Equestrian Sport,gold
Ian Millar,Male Equestrian Sport,silver
Mac Cone,Male Equestrian Sport,silver
McLain Ward,Male Equestrian Sport,gold
Niklaus Schurtenberger,Male Equestrian Sport,bronze
Peter Thomsen,Male Equestrian Sport,gold
Pius Schwizer,Male Equestrian Sport,bronze
Rolf-Göran Bengtsson,Male Equestrian Sport,silver
Shane Rose,Male Equestrian Sport,silver
Steve Guerdat,Male Equestrian Sport,bronze
Will Simpson,Male Equestrian Sport,gold
William Fox-Pitt,Male Equestrian Sport,bronze
Adam Wiercioch,Male Fencing,silver
Aldo Montano,Male Fencing,bronze
Alfredo Rota,Male Fencing,bronze
Benjamin Kleibrink,Male Fencing,gold
Boris Sanson,Male Fencing,gold
Diego Confalonieri,Male Fencing,bronze
Diego Occhiuzzi,Male Fencing,bronze
Fabrice Jeannet,Male Fencing,silver
Gianpiero Pastore,Male Fencing,bronze
James Leighman Williams,Male Fencing,silver
Jason Rogers,Male Fencing,silver
José Luis Abajo,Male Fencing,bronze
Julien Pillet,Male Fencing,gold
Jérôme Jeannet,Male Fencing,gold
Keeth Smart,Male Fencing,silver
Luigi Tarantino,Male Fencing,bronze
Matteo Tagliariol,Male Fencing,gold
Mihai Covaliu,Male Fencing,bronze
Nicolas Lopez,Male Fencing,silver
Radosław Zawrotniak,Male Fencing,silver
Robert Andrzejuk,Male Fencing,silver
Salvatore Sanzo,Male Fencing,bronze
Stefano Carozzo,Male Fencing,bronze
Tim Morehouse,Male Fencing,silver
Tomasz Motyka,Male Fencing,silver
Ulrich Robeiri,Male Fencing,gold
Yūki Ōta,Male Fencing,silver
Zhong Man,Male Fencing,gold
Aida Shanayeva,Female Fencing,gold
Ana Maria Popescu,Female Fencing,silver
Bao Yingying,Female Fencing,silver
Britta Heidemann,Female Fencing,gold
Emily Cross,Female Fencing,silver
Erinn Smart,Female Fencing,silver
Giovanna Trillini,Female Fencing,bronze
Halyna Pundyk,Female Fencing,gold
Hanna Thompson,Female Fencing,silver
Huang Haiyang,Female Fencing,silver
Ilaria Salvatori,Female Fencing,bronze
Ildikó Mincza-Nébald,Female Fencing,bronze
Margherita Granbassi,Female Fencing,bronze
Mariel Zagunis,Female Fencing,gold
Nam Hyun-Hee,Female Fencing,silver
Ni Hong,Female Fencing,silver
Olena Khomrova,Female Fencing,gold
Olha Kharlan,Female Fencing,gold
Olha Zhovnir,Female Fencing,gold
Rebecca Ward,Female Fencing,bronze
Sada Jacobson,Female Fencing,silver
Svetlana Boiko,Female Fencing,gold
Tan Xue,Female Fencing,silver
Valentina Vezzali,Female Fencing,gold
Viktoria Nikishina,Female Fencing,gold
Yevgeniya Lamonova,Female Fencing,gold
Albert Sala,Male Field Hockey,silver
Alex Fàbregas,Male Field Hockey,silver
Andrew Smith,Male Field Hockey,bronze
Benjamin Weß,Male Field Hockey,gold
Bevan George,Male Field Hockey,bronze
Carlos Nevado,Male Field Hockey,gold
Christopher Zeller,Male Field Hockey,gold
David Alegre,Male Field Hockey,silver
David Guest,Male Field Hockey,bronze
Des Abbott,Male Field Hockey,bronze
Eddie Ockenden,Male Field Hockey,bronze
Eduard Arbós,Male Field Hockey,silver
Eduard Tubau,Male Field Hockey,silver
Eli Matheson,Male Field Hockey,bronze
Fergus Kavanagh,Male Field Hockey,bronze
Florian Keller,Male Field Hockey,gold
Francisco Cortés,Male Field Hockey,silver
Francisco Fábregas Monegal,Male Field Hockey,silver
Grant Schubert,Male Field Hockey,bronze
Jamie Dwyer,Male Field Hockey,bronze
Jan-Marco Montag,Male Field Hockey,gold
Juan Fernández La Villa,Male Field Hockey,silver
Kiel Brown,Male Field Hockey,bronze
Liam de Young,Male Field Hockey,bronze
Luke Doerner,Male Field Hockey,bronze
Mark Knowles,Male Field Hockey,bronze
Matthew Wells,Male Field Hockey,bronze
Matthias Witthaus,Male Field Hockey,gold
Max Weinhold,Male Field Hockey,gold
Maximilian Müller,Male Field Hockey,gold
Moritz Fürste,Male Field Hockey,gold
Niklas Meinert,Male Field Hockey,gold
Oliver Korn,Male Field Hockey,gold
Philip Witte,Male Field Hockey,gold
Philipp Zeller,Male Field Hockey,gold
Pol Amat,Male Field Hockey,silver
Ramón Alegre,Male Field Hockey,silver
Robert Hammond,Male Field Hockey,bronze
Roc Oliva,Male Field Hockey,silver
Rodrigo Garza,Male Field Hockey,silver
Santi Freixa,Male Field Hockey,silver
Sebastian Biederlack,Male Field Hockey,gold
Sergi Enrique,Male Field Hockey,silver
Stephen Lambert,Male Field Hockey,bronze
Tibor Weißenborn,Male Field Hockey,gold
Timo Weß,Male Field Hockey,gold
Tobias Hauke,Male Field Hockey,gold
Travis Brooks,Male Field Hockey,bronze
Víctor Sojo,Male Field Hockey,silver
Xavier Ribas,Male Field Hockey,silver
Alejandra Gulla,Female Field Hockey,bronze
Belén Succi,Female Field Hockey,bronze
Carla Rebecchi,Female Field Hockey,bronze
Chen Qiuqi,Female Field Hockey,silver
Chen Zhaoxia,Female Field Hockey,silver
Cheng Hui,Female Field Hockey,silver
Claudia Burkart,Female Field Hockey,bronze
Eefke Mulder,Female Field Hockey,gold
Ellen Hoog,Female Field Hockey,gold
Eva de Goede,Female Field Hockey,gold
Fatima Moreira de Melo,Female Field Hockey,gold
Fu Baorong,Female Field Hockey,silver
Gao Lihua,Female Field Hockey,silver
Giselle Kañevsky,Female Field Hockey,bronze
Huang Junxia,Female Field Hockey,silver
Janneke Schopman,Female Field Hockey,gold
Li Hongxia,Female Field Hockey,silver
Li Shuang,Female Field Hockey,silver
Lidewij Welten,Female Field Hockey,gold
Lisanne de Roever,Female Field Hockey,gold
Luciana Aymar,Female Field Hockey,bronze
Ma Yibo,Female Field Hockey,silver
Maartje Goderie,Female Field Hockey,gold
Maartje Paumen,Female Field Hockey,gold
Magdalena Aicega,Female Field Hockey,bronze
Mariana González Oliva,Female Field Hockey,bronze
Mariana Rossi,Female Field Hockey,bronze
Marilyn Agliotti,Female Field Hockey,gold
Mariné Russo,Female Field Hockey,bronze
María de la Paz Hernández,Female Field Hockey,bronze
Mercedes Margalot,Female Field Hockey,bronze
Miek van Geenhuizen,Female Field Hockey,gold
Minke Booij,Female Field Hockey,gold
Minke Smeets,Female Field Hockey,gold
Naomi van As,Female Field Hockey,gold
Noel Barrionuevo,Female Field Hockey,bronze
Pan Fengzhen,Female Field Hockey,silver
Paola Vukojicic,Female Field Hockey,bronze
Ren Ye,Female Field Hockey,silver
Rosario Luchetti,Female Field Hockey,bronze
Soledad García,Female Field Hockey,bronze
Song Qingling,Female Field Hockey,silver
Sophie Polkamp,Female Field Hockey,gold
Tang Chunling,Female Field Hockey,silver
Wieke Dijkstra,Female Field Hockey,gold
Zhang Yimeng,Female Field Hockey,silver
Zhao Yudiao,Female Field Hockey,silver
Zhou Wanfeng,Female Field Hockey,silver
Alex Sandro da Silva,Male Association Football,bronze
Alexandre Pato,Male Association Football,bronze
Ambruse Vanzekin,Male Association Football,silver
Anderson,Male Association Football,bronze
Breno Borges,Male Association Football,bronze
Chibuzor Okonkwo,Male Association Football,silver
Chinedu Obasi,Male Association Football,silver
Dele Adeleye,Male Association Football,silver
Diego Alves,Male Association Football,bronze
Diego Buonanotte,Male Association Football,gold
Diego Ribas da Cunha,Male Association Football,bronze
Efe Ambrose,Male Association Football,silver
Emmanuel Ekpo,Male Association Football,silver
Ezequiel Garay,Male Association Football,gold
Ezequiel Lavezzi,Male Association Football,gold
Federico Fazio,Male Association Football,gold
Fernando Gago,Male Association Football,gold
Hernanes,Male Association Football,bronze
Ikechukwu Ezenwa,Male Association Football,silver
Ilsinho,Male Association Football,bronze
Isaac Promise,Male Association Football,silver
Javier Mascherano,Male Association Football,gold
José Sosa,Male Association Football,gold
Juan Román Riquelme,Male Association Football,gold
Jô,Male Association Football,bronze
Lautaro Acosta,Male Association Football,gold
Lionel Messi,Male Association Football,gold
Lucas Leiva,Male Association Football,bronze
Luciano Fabián Monzón,Male Association Football,gold
Marcel,Male Association Football,bronze
Monday James,Male Association Football,silver
Nicolás Navarro,Male Association Football,gold
Nicolás Pareja,Male Association Football,gold
Oladapo Olufemi,Male Association Football,silver
Olubayo Adefemi,Male Association Football,silver
Oluwafemi Ajilore,Male Association Football,silver
Onyekachi Apam,Male Association Football,silver
Oscar Ustari,Male Association Football,gold
Pablo Zabaleta,Male Association Football,gold
Peter Odemwingie,Male Association Football,silver
Rafael Sóbis,Male Association Football,bronze
Rafinha,Male Association Football,bronze
Ramires,Male Association Football,bronze
Renan Brito Soares,Male Association Football,bronze
Ronaldinho,Male Association Football,bronze
Sani Kaita,Male Association Football,silver
Sergio Agüero,Male Association Football,gold
Sergio Romero,Male Association Football,gold
Solomon Okoronkwo,Male Association Football,silver
Thiago Neves,Male Association Football,bronze
Thiago Silva,Male Association Football,bronze
Victor Anichebe,Male Association Football,silver
Victor Obinna,Male Association Football,silver
Ángel Di María,Male Association Football,gold
Éver Banega,Male Association Football,gold
Aly Wagner,Female Association Football,gold
Amy Rodriguez,Female Association Football,gold
Andréia Rosa,Female Association Football,silver
Andréia Suntaque,Female Association Football,silver
Angela Hucles,Female Association Football,gold
Anja Mittag,Female Association Football,bronze
Annike Krahn,Female Association Football,bronze
Ariane Hingst,Female Association Football,bronze
Babett Peter,Female Association Football,bronze
Birgit Prinz,Female Association Football,bronze
Bárbara Micheline do Monte Barbosa,Female Association Football,silver
Carli Lloyd,Female Association Football,gold
Christie Pearce,Female Association Football,gold
Conny Pohlers,Female Association Football,bronze
Cristiane Rozeira,Female Association Football,silver
Célia Šašić,Female Association Football,bronze
Daniela Alves Lima,Female Association Football,silver
Ester,Female Association Football,silver
Fabiana Simões,Female Association Football,silver
Fatmire Alushi,Female Association Football,bronze
Formiga,Female Association Football,silver
Francielle,Female Association Football,silver
Heather Mitts,Female Association Football,gold
Heather O'Reilly,Female Association Football,gold
Hope Solo,Female Association Football,gold
Kate Markgraf,Female Association Football,gold
Kerstin Garefrekes,Female Association Football,bronze
Kerstin Stegemann,Female Association Football,bronze
Lauren Holiday,Female Association Football,gold
Linda Bresonik,Female Association Football,bronze
Lindsay Tarpley,Female Association Football,gold
Lori Chalupny,Female Association Football,gold
Marta,Female Association Football,silver
Maurine Dornelles Gonçalves,Female Association Football,silver
Maycon,Female Association Football,silver
Melanie Behringer,Female Association Football,bronze
Nadine Angerer,Female Association Football,bronze
Natasha Kai,Female Association Football,gold
Nicole Barnhart,Female Association Football,gold
Pretinha,Female Association Football,silver
Rachel van Hollebeke,Female Association Football,gold
Renata Costa,Female Association Football,silver
Renate Lingor,Female Association Football,bronze
Rosana dos Santos Augusto,Female Association Football,silver
Sandra Smisek,Female Association Football,bronze
Saskia Bartusiak,Female Association Football,bronze
Shannon Boxx,Female Association Football,gold
Simone Gomes Jatobá,Female Association Football,silver
Simone Laudehr,Female Association Football,bronze
Stephanie Cox,Female Association Football,gold
Tobin Heath,Female Association Football,gold
Tânia Maria Pereira Ribeiro,Female Association Football,silver
Ursula Holl,Female Association Football,bronze
Érika Cristiano dos Santos,Female Association Football,silver
Alexander Artemev,Male Artistic Gymnastics,bronze
Anton Fokin,Male Artistic Gymnastics,bronze
Anton Golotsutskov,Male Artistic Gymnastics,bronze
Benoît Caranobe,Male Artistic Gymnastics,bronze
Chen Yibing,Male Artistic Gymnastics,gold
Fabian Hambüchen,Male Artistic Gymnastics,bronze
Filip Ude,Male Artistic Gymnastics,silver
Gervasio Deferr,Male Artistic Gymnastics,silver
Hiroyuki Tomita,Male Artistic Gymnastics,silver
Huang Xu,Male Artistic Gymnastics,gold
Jonathan Horton,Male Artistic Gymnastics,bronze
Joseph Hagerty,Male Artistic Gymnastics,bronze
Justin Spring,Male Artistic Gymnastics,bronze
Kevin Tan,Male Artistic Gymnastics,bronze
Koki Sakamoto,Male Artistic Gymnastics,silver
Kōhei Uchimura,Male Artistic Gymnastics,silver
Leszek Blanik,Male Artistic Gymnastics,gold
Li Xiaopeng,Male Artistic Gymnastics,gold
Louis Smith,Male Artistic Gymnastics,bronze
Makoto Okiguchi,Male Artistic Gymnastics,silver
Oleksandr Vorobiov,Male Artistic Gymnastics,bronze
Raj Bhavsar,Male Artistic Gymnastics,bronze
Takehiro Kashima,Male Artistic Gymnastics,silver
Takuya Nakase,Male Artistic Gymnastics,silver
Thomas Bouhail,Male Artistic Gymnastics,silver
Xiao Qin,Male Artistic Gymnastics,gold
Yang Wei,Male Artistic Gymnastics,gold
Yoo Won-chul,Male Artistic Gymnastics,silver
Zou Kai,Male Artistic Gymnastics,gold
Alicia Sacramone,Female Artistic Gymnastics,silver
Anamaria Tămârjan,Female Artistic Gymnastics,bronze
Andreea Acatrinei,Female Artistic Gymnastics,bronze
Andreea Grigore,Female Artistic Gymnastics,bronze
Bridget Sloan,Female Artistic Gymnastics,silver
Chellsie Memmel,Female Artistic Gymnastics,silver
Cheng Fei,Female Artistic Gymnastics,gold
Deng Linlin,Female Artistic Gymnastics,gold
Gabriela Drăgoi,Female Artistic Gymnastics,bronze
He Kexin,Female Artistic Gymnastics,gold
Hong Un-jong,Female Artistic Gymnastics,gold
Jiang Yuyuan,Female Artistic Gymnastics,gold
Li Shanshan,Female Artistic Gymnastics,gold
Nastia Liukin,Female Artistic Gymnastics,gold
Oksana Chusovitina,Female Artistic Gymnastics,silver
Samantha Peszek,Female Artistic Gymnastics,silver
Sandra Izbașa,Female Artistic Gymnastics,bronze
Shawn Johnson East,Female Artistic Gymnastics,silver
Steliana Nistor,Female Artistic Gymnastics,bronze
Yang Yilin,Female Artistic Gymnastics,bronze
Alina Tumilovich,Female Rhythmic Gymnastics,bronze
Anastasia Ivankova,Female Rhythmic Gymnastics,bronze
Anna Bessonova,Female Rhythmic Gymnastics,bronze
Anna Gavrilenko,Female Rhythmic Gymnastics,gold
Cai Tong-Tong,Female Rhythmic Gymnastics,silver
Chou Tao,Female Rhythmic Gymnastics,silver
Daria Shkurikhina,Female Rhythmic Gymnastics,gold
Glafira Martinovich,Female Rhythmic Gymnastics,bronze
Inna Zhukova,Female Rhythmic Gymnastics,silver
Ksenia Sankovich,Female Rhythmic Gymnastics,bronze
Lü Yuanyang,Female Rhythmic Gymnastics,silver
Margarita Aliychuk,Female Rhythmic Gymnastics,gold
Natalia Zuyeva,Female Rhythmic Gymnastics,gold
Olesya Babushkina,Female Rhythmic Gymnastics,bronze
Sui Jianshuang,Female Rhythmic Gymnastics,silver
Sun Dan,Female Rhythmic Gymnastics,silver
Tatiana Gorbunova,Female Rhythmic Gymnastics,gold
Yelena Posevina,Female Rhythmic Gymnastics,gold
Yevgeniya Kanayeva,Female Rhythmic Gymnastics,gold
Zhang Shuo,Female Rhythmic Gymnastics,silver
Zinaida Lunina,Female Rhythmic Gymnastics,bronze
Dong Dong,Male Trampoline Gymnastics,bronze
Jason Burnett,Male Trampoline Gymnastics,silver
Lu Chunlong,Male Trampoline Gymnastics,gold
Ekaterina Khilko,Female Trampoline Gymnastics,bronze
He Wenna,Female Trampoline Gymnastics,gold
Karen Cockburn,Female Trampoline Gymnastics,silver
Albert Rocas,Male Handball,bronze
Alberto Entrerríos,Male Handball,bronze
Alexander Petersson,Male Handball,silver
Arnór Atlason,Male Handball,silver
Bertrand Gille,Male Handball,gold
Björgvin Páll Gústavsson,Male Handball,silver
Carlos Prieto Martos,Male Handball,bronze
Christophe Kempé,Male Handball,gold
Cristian Malmagro,Male Handball,bronze
Cédric Burdet,Male Handball,gold
Cédric Paty,Male Handball,gold
Daniel Narcisse,Male Handball,gold
Daouda Karaboué,Male Handball,gold
David Barrufet,Male Handball,bronze
David Davis,Male Handball,bronze
Demetrio Lozano,Male Handball,bronze
Didier Dinart,Male Handball,gold
Guillaume Gille,Male Handball,gold
Guðjón Valur Sigurðsson,Male Handball,silver
Hreiðar Guðmundsson,Male Handball,silver
Iker Romero,Male Handball,bronze
Ingimundur Ingimundarson,Male Handball,silver
Jon Belaustegui,Male Handball,bronze
José Javier Hombrados,Male Handball,bronze
Joël Abati,Male Handball,gold
Juanín García,Male Handball,bronze
Jérôme Fernandez,Male Handball,gold
Logi Geirsson,Male Handball,silver
Luc Abalo,Male Handball,gold
Michaël Guigou,Male Handball,gold
Nikola Karabatić,Male Handball,gold
Olivier Girault,Male Handball,gold
Raúl Entrerríos,Male Handball,bronze
Rubén Garabaya,Male Handball,bronze
Róbert Gunnarsson,Male Handball,silver
Sigfús Sigurðsson,Male Handball,silver
Snorri Guðjónsson,Male Handball,silver
Sturla Ásgeirsson,Male Handball,silver
Sverre Andreas Jakobsson,Male Handball,silver
Thierry Omeyer,Male Handball,gold
Víctor Tomás,Male Handball,bronze
Ásgeir Örn Hallgrímsson,Male Handball,silver
Ólafur Stefánsson,Male Handball,silver
An Jung-Hwa,Female Handball,bronze
Anna Kareyeva,Female Handball,silver
Bae Min-hee,Female Handball,bronze
Choi Im-jeong,Female Handball,bronze
Else-Marthe Sørlie Lybekk,Female Handball,gold
Emiliya Turey,Female Handball,silver
Gro Hammerseng-Edin,Female Handball,gold
Gøril Snorroeggen,Female Handball,gold
Hong Jeong-ho,Female Handball,bronze
Huh Soon-young,Female Handball,bronze
Inna Suslina,Female Handball,silver
Irina Bliznova,Female Handball,silver
Irina Dibirova,Female Handball,silver
Kari Aalvik Grimsbø,Female Handball,gold
Kari Mette Johansen,Female Handball,gold
Karoline Dyhre Breivang,Female Handball,gold
Katja Nyberg,Female Handball,gold
Katrine Lunde,Female Handball,gold
Kim Cha-youn,Female Handball,bronze
Kim Nam-sun,Female Handball,bronze
Kim On-a,Female Handball,bronze
Kristine Lunde-Borgersen,Female Handball,gold
Lee Min-hee,Female Handball,bronze
Linn-Kristin Riegelhuth Koren,Female Handball,gold
Lyudmila Postnova,Female Handball,silver
Maria Sidorova,Female Handball,silver
Marit Malm Frafjord,Female Handball,gold
Moon Pil-hee,Female Handball,bronze
Natalia Shipilova,Female Handball,silver
Oh Seong-ok,Female Handball,bronze
Oh Yong-ran,Female Handball,bronze
Oxana Romenskaya,Female Handball,silver
Park Chung-hee,Female Handball,bronze
Ragnhild Aamodt,Female Handball,gold
Song Hai-rim,Female Handball,bronze
Tonje Larsen,Female Handball,gold
Tonje Nøstvold,Female Handball,gold
Yana Uskova,Female Handball,silver
Yekaterina Andryushina,Female Handball,silver
Yekaterina Marennikova,Female Handball,silver
Yelena Dmitriyeva,Female Handball,silver
Yelena Polenova,Female Handball,silver
Abdullo Tangriev,Male Judo,silver
Amar Benikhlef,Male Judo,silver
Askhat Zhitkeyev,Male Judo,silver
Benjamin Darbelet,Male Judo,silver
Choi Min-ho,Male Judo,gold
Elnur Mammadli,Male Judo,gold
Henk Grol,Male Judo,bronze
Hesham Mesbah,Male Judo,bronze
Irakli Tsirekidze,Male Judo,gold
Kim Jae-bum,Male Judo,silver
Leandro Guilheiro,Male Judo,bronze
Ludwig Paischer,Male Judo,silver
Masato Uchishiba,Male Judo,gold
Movlud Miraliyev,Male Judo,bronze
Naidangiin Tüvshinbayar,Male Judo,gold
Ole Bischof,Male Judo,gold
Pak Chol-Min,Male Judo,bronze
Rasul Boqiev,Male Judo,bronze
Rishod Sobirov,Male Judo,bronze
Roman Hontyuk,Male Judo,bronze
Ruben Houkes,Male Judo,bronze
Satoshi Ishii,Male Judo,gold
Sergei Aschwanden,Male Judo,bronze
Teddy Riner,Male Judo,bronze
Tiago Camilo,Male Judo,bronze
Wang Ki-chun,Male Judo,silver
Yordanis Arencibia,Male Judo,bronze
Óscar Brayson,Male Judo,bronze
Alina Dumitru,Female Judo,gold
An Kum-ae,Female Judo,silver
Anaysi Hernández,Female Judo,silver
Ayumi Tanimoto,Female Judo,gold
Deborah Gravenstijn,Female Judo,silver
Edith Bosch,Female Judo,bronze
Elisabeth Willeboordse,Female Judo,bronze
Giulia Quintavalle,Female Judo,gold
Idalys Ortiz,Female Judo,bronze
Jeong Gyeong-mi,Female Judo,bronze
Ketleyn Quadros,Female Judo,bronze
Lucie Décosse,Female Judo,silver
Lucija Polavder,Female Judo,bronze
Maki Tsukada,Female Judo,silver
Masae Ueno,Female Judo,gold
Misato Nakamura,Female Judo,bronze
Paula Pareto,Female Judo,bronze
Ronda Rousey,Female Judo,bronze
Ryoko Tani,Female Judo,bronze
Soraya Haddad,Female Judo,bronze
Stéphanie Possamaï,Female Judo,bronze
Tong Wen,Female Judo,gold
Won Ok-Im,Female Judo,bronze
Xian Dongmei,Female Judo,gold
Xu Yan,Female Judo,bronze
Yalennis Castillo,Female Judo,silver
Yanet Bermoy,Female Judo,silver
Yang Xiuli,Female Judo,gold
Andrejus Zadneprovskis,Male Modern Pentathlon,bronze
Andrey Moiseyev,Male Modern Pentathlon,gold
Edvinas Krungolcas,Male Modern Pentathlon,silver
Heather Fell,Female Modern Pentathlon,silver
Lena Schöneborn,Female Modern Pentathlon,gold
Acer Nethercott,Male Rowing,silver
Adam Korol,Male Rowing,gold
Adam Kreek,Male Rowing,gold
Alastair Heathcote,Male Rowing,silver
Alex Partridge,Male Rowing,silver
Andrew Byrnes,Male Rowing,gold
Andrew Triggs Hodge,Male Rowing,gold
Bartłomiej Pawełczak,Male Rowing,silver
Beau Hoopman,Male Rowing,bronze
Ben Rutledge,Male Rowing,gold
Benjamin Rondeau,Male Rowing,bronze
Brian Price,Male Rowing,gold
Bryan Volpenhein,Male Rowing,bronze
Cameron McKenzie-McHarg,Male Rowing,silver
Colin Smith,Male Rowing,silver
Cédric Berrest,Male Rowing,bronze
Daniel Walsh,Male Rowing,bronze
David Calder,Male Rowing,silver
David Crawshay,Male Rowing,gold
Dimitris Mougios,Male Rowing,silver
Dominic Seiterle,Male Rowing,gold
Dorian Mortelette,Male Rowing,bronze
Drew Ginn,Male Rowing,gold
Duncan Free,Male Rowing,gold
Eskild Ebbesen,Male Rowing,gold
Francis Hegerty,Male Rowing,silver
George Bridgewater,Male Rowing,bronze
Germain Chardin,Male Rowing,bronze
Iain Brambell,Male Rowing,bronze
Jake Wetzel,Male Rowing,gold
James Marburg,Male Rowing,silver
Jon Beare,Male Rowing,bronze
Jonathan Coeffic,Male Rowing,bronze
Josh Inman,Male Rowing,bronze
Josh West,Male Rowing,silver
Julien Bahain,Male Rowing,bronze
Julien Desprès,Male Rowing,bronze
Jüri Jaanson,Male Rowing,silver
Kevin Light,Male Rowing,gold
Konrad Wasielewski,Male Rowing,gold
Kyle Hamilton,Male Rowing,gold
Liam Parsons,Male Rowing,bronze
Luca Agamennoni,Male Rowing,silver
Mads Andersen,Male Rowing,gold
Mads Rasmussen,Male Rowing,bronze
Mahé Drysdale,Male Rowing,bronze
Malcolm Howard,Male Rowing,gold
Marcus McElhenney,Male Rowing,bronze
Marek Kolbowicz,Male Rowing,gold
Mark Hunter,Male Rowing,gold
Matt Ryan,Male Rowing,silver
Matt Schnobrich,Male Rowing,bronze
Matthew Langridge,Male Rowing,silver
Micah Boyd,Male Rowing,bronze
Michał Jeliński,Male Rowing,gold
Mike Lewis,Male Rowing,bronze
Miłosz Bernatajtys,Male Rowing,silver
Morten Jørgensen,Male Rowing,gold
Nathan Twaddle,Male Rowing,bronze
Olaf Tufte,Male Rowing,gold
Ondřej Synek,Male Rowing,silver
Paweł Rańda,Male Rowing,silver
Pete Reed,Male Rowing,gold
Pierre-Jean Peltier,Male Rowing,bronze
Rasmus Quist Hansen,Male Rowing,bronze
Richard Egington,Male Rowing,silver
Rossano Galtarossa,Male Rowing,silver
Scott Brennan,Male Rowing,gold
Scott Frandsen,Male Rowing,silver
Simone Raineri,Male Rowing,silver
Simone Venier,Male Rowing,silver
Stephen Rowbotham,Male Rowing,bronze
Steve Williams,Male Rowing,gold
Steven Coppola,Male Rowing,bronze
Thomas Ebert,Male Rowing,gold
Tom James,Male Rowing,gold
Tom Lucy,Male Rowing,silver
Tom Stallard,Male Rowing,silver
Tõnu Endrekson,Male Rowing,silver
Vasileios Polymeros,Male Rowing,silver
Wyatt Allen,Male Rowing,bronze
Zac Purchase,Male Rowing,gold
Łukasz Pawłowski,Male Rowing,silver
Anna Goodale,Female Rowing,gold
Anna Mickelson,Female Rowing,gold
Anna Watkins,Female Rowing,bronze
Annabel Vernon,Female Rowing,silver
Annekatrin Thiele,Female Rowing,silver
Annemarieke van Rumpt,Female Rowing,silver
Annemiek de Haan,Female Rowing,silver
Britta Oppelt,Female Rowing,bronze
Caroline Evers-Swindell,Female Rowing,gold
Caroline Lind,Female Rowing,gold
Caryn Davies,Female Rowing,gold
Christiane Huth,Female Rowing,silver
Constanța Burcică,Female Rowing,bronze
Debbie Flood,Female Rowing,silver
Doina Ignat,Female Rowing,bronze
Ekaterina Karsten,Female Rowing,bronze
Elena Georgescu,Female Rowing,bronze
Elise Laverick,Female Rowing,bronze
Elle Logan,Female Rowing,gold
Enikő Barabás,Female Rowing,bronze
Erin Cafaro,Female Rowing,gold
Ester Workel,Female Rowing,silver
Femke Dekker,Female Rowing,silver
Frances Houghton,Female Rowing,silver
Gao Yulan,Female Rowing,silver
Georgeta Damian,Female Rowing,gold
Georgina Evers-Swindell,Female Rowing,gold
Helen Tanger,Female Rowing,silver
Ioana Papuc,Female Rowing,bronze
Jin Ziwei,Female Rowing,gold
Katherine Grainger,Female Rowing,silver
Kathrin Boron,Female Rowing,bronze
Kirsten van der Kolk,Female Rowing,gold
Lindsay Shoop,Female Rowing,gold
Manuela Lutze,Female Rowing,bronze
Marit van Eupen,Female Rowing,gold
Marlies Smulders,Female Rowing,silver
Mary Whipple,Female Rowing,gold
Melanie Kok,Female Rowing,bronze
Michelle Guerette,Female Rowing,silver
Minna Nieminen,Female Rowing,silver
Natallia Helakh,Female Rowing,bronze
Nienke Kingma,Female Rowing,silver
Rodica Șerban,Female Rowing,bronze
Roline Repelaer van Driel,Female Rowing,silver
Rumyana Neykova,Female Rowing,gold
Sanna Stén,Female Rowing,silver
Sarah Siegelaar,Female Rowing,silver
Simona Mușat,Female Rowing,bronze
Stephanie Schiller,Female Rowing,bronze
Susan Francia,Female Rowing,gold
Tang Bin,Female Rowing,gold
Tracy Cameron,Female Rowing,bronze
Viorica Susanu,Female Rowing,gold
Wu You,Female Rowing,silver
Xi Aihua,Female Rowing,gold
Yuliya Bichyk,Female Rowing,bronze
Zhang Yangyang,Female Rowing,gold
Anders Ekström,Male Sailing,bronze
Andrew Simpson,Male Sailing,gold
Antón Paz,Male Sailing,gold
Ben Ainslie,Male Sailing,gold
Bruno Prada,Male Sailing,silver
Carlos Espínola,Male Sailing,bronze
Darren Bundock,Male Sailing,silver
Diego Romero,Male Sailing,bronze
Fernando Echávarri,Male Sailing,gold
Fredrik Lööf,Male Sailing,bronze
Glenn Ashby,Male Sailing,silver
Guillaume Florent,Male Sailing,bronze
Hannes Peckolt,Male Sailing,bronze
Iain Percy,Male Sailing,gold
Iker Martínez de Lizarduy,Male Sailing,silver
Jan-Peter Peckolt,Male Sailing,bronze
Joe Glanfield,Male Sailing,silver
Jonas Warrer,Male Sailing,gold
Julien Bontemps,Male Sailing,silver
Malcolm Page,Male Sailing,gold
Martin Kirketerp,Male Sailing,gold
Nathan Wilmot,Male Sailing,gold
Nick Rogers,Male Sailing,silver
Nicolas Charbonnier,Male Sailing,bronze
Olivier Bausset,Male Sailing,bronze
Paul Goodison,Male Sailing,gold
Robert Scheidt,Male Sailing,silver
Santiago Lange,Male Sailing,bronze
Shahar Tzuberi,Male Sailing,bronze
Tom Ashley,Male Sailing,gold
Vasilij Žbogar,Male Sailing,silver
Xabier Fernández,Male Sailing,silver
Zach Railey,Male Sailing,silver
Alessandra Sensini,Female Sailing,silver
Anna Tunnicliffe,Female Sailing,gold
Annemieke Bes,Female Sailing,silver
Bryony Shaw,Female Sailing,bronze
Elise Rechichi,Female Sailing,gold
Fernanda Oliveira,Female Sailing,bronze
Gintarė Scheidt,Female Sailing,silver
Isabel Swan,Female Sailing,bronze
Lobke Berkhout,Female Sailing,silver
Mandy Mulder,Female Sailing,silver
Marcelien de Koning,Female Sailing,silver
Merel Witteveen,Female Sailing,silver
Pippa Wilson,Female Sailing,gold
Sarah Ayton,Female Sailing,gold
Sarah Webb,Female Sailing,gold
Sofia Bekatorou,Female Sailing,bronze
Sofia Papadopoulou,Female Sailing,bronze
Tessa Parkinson,Female Sailing,gold
Virginia Kravarioti,Female Sailing,bronze
Xu Lijia,Female Sailing,bronze
Yin Jian,Female Sailing,gold
Abhinav,Male Shooting Sport,gold
Aleksei Alipov,Male Shooting Sport,bronze
Anthony Terras,Male Shooting Sport,bronze
Artur Ayvazyan,Male Shooting Sport,gold
Christian Reitz,Male Shooting Sport,bronze
David Kostelecký,Male Shooting Sport,gold
Francesco D'Aniello,Male Shooting Sport,silver
Giovanni Pellielo,Male Shooting Sport,silver
Henri Häkkinen,Male Shooting Sport,bronze
Hu Binyuan,Male Shooting Sport,bronze
Jason Turner,Male Shooting Sport,bronze
Jin Jong-oh,Male Shooting Sport,silver
Jury Sukhorukov,Male Shooting Sport,silver
Matthew Emmons,Male Shooting Sport,silver
Oleksandr Petriv,Male Shooting Sport,gold
Pang Wei,Male Shooting Sport,gold
Qiu Jian,Male Shooting Sport,gold
Rajmond Debevec,Male Shooting Sport,bronze
Ralf Schumann,Male Shooting Sport,silver
Tan Zongliang,Male Shooting Sport,silver
Tore Brovold,Male Shooting Sport,silver
Vincent Hancock,Male Shooting Sport,gold
Vladimir Isakov,Male Shooting Sport,bronze
Walton Eller,Male Shooting Sport,gold
Warren Potent,Male Shooting Sport,bronze
Zhu Qinan,Male Shooting Sport,silver
Chen Ying,Female Shooting Sport,gold
Chiara Cainero,Female Shooting Sport,gold
Christine Wenzel,Female Shooting Sport,bronze
Corey Cogdell,Female Shooting Sport,bronze
Du Li,Female Shooting Sport,gold
Eglis Yaima Cruz,Female Shooting Sport,bronze
Guo Wenjun,Female Shooting Sport,gold
Kateřina Emmons,Female Shooting Sport,gold
Kim Rhode,Female Shooting Sport,silver
Lioubov Galkina,Female Shooting Sport,silver
Munkhbayar Dorjsuren,Female Shooting Sport,bronze
Natalia Paderina,Female Shooting Sport,silver
Nino Salukvadze,Female Shooting Sport,bronze
Otryadyn Gündegmaa,Female Shooting Sport,silver
Satu Mäkelä-Nummela,Female Shooting Sport,gold
Snježana Pejčić,Female Shooting Sport,bronze
Zuzana Rehák-Štefečeková,Female Shooting Sport,silver
Andrea Duran,Female Softball,silver
Ayumi Karino,Female Softball,gold
Belinda Wright,Female Softball,bronze
Caitlin Lowe,Female Softball,silver
Cat Osterman,Female Softball,silver
Crystl Bustos,Female Softball,silver
Danielle Stewart,Female Softball,bronze
Emi Inui,Female Softball,gold
Eri Yamada,Female Softball,gold
Hiroko Sakai,Female Softball,gold
Jennie Finch,Female Softball,silver
Jessica Mendoza,Female Softball,silver
Jodie Bowering,Female Softball,bronze
Justine Smethurst,Female Softball,bronze
Kelly Hardie,Female Softball,bronze
Kelly Kretschman,Female Softball,silver
Kerry Wyborn,Female Softball,bronze
Kylie Cronk,Female Softball,bronze
Laura Berg,Female Softball,silver
Lauren Lappin,Female Softball,silver
Lovieanne Jung,Female Softball,silver
Masumi Mishina,Female Softball,gold
Megu Hirose,Female Softball,gold
Melanie Roche,Female Softball,bronze
Mika Someya,Female Softball,gold
Monica Abbott,Female Softball,silver
Motoko Fujimoto,Female Softball,gold
Naho Emoto,Female Softball,gold
Natalie Titcume,Female Softball,bronze
Natalie Ward,Female Softball,bronze
Natasha Watley,Female Softball,silver
Rei Nishiyama,Female Softball,gold
Rie Sato,Female Softball,gold
Sachiko Ito,Female Softball,gold
Sandy Lewis,Female Softball,bronze
Satoko Mabuchi,Female Softball,gold
Simmone Morrow,Female Softball,bronze
Stacey Nuveman,Female Softball,silver
Stacey Porter,Female Softball,bronze
Tairia Flowers,Female Softball,silver
Tanya Harding,Female Softball,bronze
Tracey Mosley,Female Softball,bronze
Vicky Galindo,Female Softball,silver
Yukiko Ueno,Female Softball,gold
Yukiyo Mine,Female Softball,gold
Aaron Peirsol,Male Swimming,gold
Adam Pine,Male Swimming,silver
Alain Bernard,Male Swimming,bronze
Alexander Dale Oen,Male Swimming,silver
Alexander Sukhorukov,Male Swimming,silver
Amaury Leveaux,Male Swimming,silver
Andrew Lauterstein,Male Swimming,bronze
Arkady Vyatchanin,Male Swimming,bronze
Ashley Callus,Male Swimming,bronze
Ashley Delaney,Male Swimming,silver
Ben Wildman-Tobriner,Male Swimming,gold
Boris Steimetz,Male Swimming,silver
Brendan Hansen,Male Swimming,gold
Brenton Rickard,Male Swimming,silver
Christian Sprenger,Male Swimming,silver
Cullen Jones,Male Swimming,gold
César Cielo,Male Swimming,gold
Danila Izotov,Male Swimming,silver
David Davies,Male Swimming,silver
David Walters,Male Swimming,gold
Eamon Sullivan,Male Swimming,silver
Erik Vendt,Male Swimming,gold
Fabien Gilot,Male Swimming,silver
Frédérick Bousquet,Male Swimming,silver
Garrett Weber-Gale,Male Swimming,gold
Grant Brits,Male Swimming,bronze
Grant Hackett,Male Swimming,silver
Grégory Mallet,Male Swimming,silver
Hayden Stoeckel,Male Swimming,bronze
Hisayoshi Sato,Male Swimming,bronze
Hugues Duboscq,Male Swimming,bronze
Ian Crocker,Male Swimming,gold
Jason Lezak,Male Swimming,bronze
Junichi Miyashita,Male Swimming,bronze
Kirk Palmer,Male Swimming,bronze
Klete Keller,Male Swimming,gold
Kosuke Kitajima,Male Swimming,gold
Larsen Jensen,Male Swimming,bronze
Leith Brodie,Male Swimming,bronze
László Cseh,Male Swimming,silver
Maarten van der Weijden,Male Swimming,gold
Mark Gangloff,Male Swimming,gold
Matt Grevers,Male Swimming,silver
Matt Targett,Male Swimming,bronze
Michael Phelps,Male Swimming,gold
Mikhail Polishchuk,Male Swimming,silver
Milorad Čavić,Male Swimming,silver
Nathan Adrian,Male Swimming,gold
Nick Ffrost,Male Swimming,bronze
Nikita Lobintsev,Male Swimming,silver
Oussama Mellouli,Male Swimming,gold
Park Tae-Hwan,Male Swimming,silver
Patrick Murphy,Male Swimming,bronze
Peter Vanderkaay,Male Swimming,bronze
Ricky Berens,Male Swimming,gold
Ryan Cochrane,Male Swimming,bronze
Ryan Lochte,Male Swimming,gold
Takeshi Matsuda,Male Swimming,bronze
Takuro Fujii,Male Swimming,bronze
Thomas Lurz,Male Swimming,bronze
Yevgeny Lagunov,Male Swimming,silver
Zhang Lin,Male Swimming,silver
Alessia Filippi,Female Swimming,silver
Alice Tait,Female Swimming,bronze
Allison Schmitt,Female Swimming,bronze
Angie Bainbridge,Female Swimming,gold
Britta Steffen,Female Swimming,gold
Bronte Barratt,Female Swimming,gold
Caroline Burckle,Female Swimming,bronze
Cassie Patten,Female Swimming,bronze
Cate Campbell,Female Swimming,bronze
Christine Magnuson,Female Swimming,silver
Christine Marshall,Female Swimming,bronze
Dara Torres,Female Swimming,silver
Elaine Breeden,Female Swimming,silver
Emily Seebohm,Female Swimming,gold
Emily Silver,Female Swimming,silver
Federica Pellegrini,Female Swimming,gold
Felicity Galvez,Female Swimming,gold
Femke Heemskerk,Female Swimming,gold
Hinkelien Schreuder,Female Swimming,gold
Inge Dekker,Female Swimming,gold
Jessicah Schipper,Female Swimming,bronze
Jiao Liuyang,Female Swimming,silver
Joanne Jackson,Female Swimming,bronze
Julia Smit,Female Swimming,silver
Kara Lynn Joyce,Female Swimming,silver
Katie Hoff,Female Swimming,silver
Keri-Anne Payne,Female Swimming,silver
Kim Vandenberg,Female Swimming,bronze
Kirsty Coventry,Female Swimming,silver
Kylie Palmer,Female Swimming,gold
Lacey Nymeyer,Female Swimming,silver
Lara Davenport,Female Swimming,gold
Larisa Ilchenko,Female Swimming,gold
Leisel Jones,Female Swimming,gold
Libby Trickett,Female Swimming,silver
Linda Mackenzie,Female Swimming,gold
Liu Zige,Female Swimming,gold
Lotte Friis,Female Swimming,bronze
Manon van Rooijen,Female Swimming,gold
Margaret Hoelzer,Female Swimming,bronze
Marleen Veldhuis,Female Swimming,gold
Megan Jendrick,Female Swimming,silver
Melanie Schlanger,Female Swimming,bronze
Mirna Jukić,Female Swimming,bronze
Natalie Coughlin,Female Swimming,bronze
Pang Jiaying,Female Swimming,bronze
Ranomi Kromowidjojo,Female Swimming,gold
Rebecca Adlington,Female Swimming,gold
Rebecca Soni,Female Swimming,silver
Reiko Nakamura,Female Swimming,bronze
Sara Isaković,Female Swimming,silver
Sara Nordenstam,Female Swimming,bronze
Shayne Reese,Female Swimming,bronze
Stephanie Rice,Female Swimming,gold
Sun Ye,Female Swimming,bronze
Tan Miao,Female Swimming,silver
Tang Jingzhi,Female Swimming,silver
Tarnee White,Female Swimming,gold
Xu Tianlongzi,Female Swimming,bronze
Yang Yu,Female Swimming,silver
Zhao Jing,Female Swimming,bronze
Zhou Yafei,Female Swimming,bronze
Zhu Qianwei,Female Swimming,silver
Alba Cabello,Female Synchronized Swimming,silver
Anastasia Davydova,Female Synchronized Swimming,gold
Anastasiya Yermakova,Female Synchronized Swimming,gold
Andrea Fuentes,Female Synchronized Swimming,silver
Anna Shorina,Female Synchronized Swimming,gold
Elvira Khasyanova,Female Synchronized Swimming,gold
Emiko Suzuki,Female Synchronized Swimming,bronze
Gemma Mengual,Female Synchronized Swimming,silver
Gisela Morón,Female Synchronized Swimming,silver
Gu Beibei,Female Synchronized Swimming,bronze
Huang Xuechen,Female Synchronized Swimming,bronze
Irina Rodríguez,Female Synchronized Swimming,silver
Jiang Tingting,Female Synchronized Swimming,bronze
Jiang Wenwen,Female Synchronized Swimming,bronze
Laura López,Female Synchronized Swimming,silver
Liu Ou,Female Synchronized Swimming,bronze
Luo Xi,Female Synchronized Swimming,bronze
Mariya Gromova,Female Synchronized Swimming,gold
Natalia Ishchenko,Female Synchronized Swimming,gold
Olga Kuzhela,Female Synchronized Swimming,gold
Paola Tirados,Female Synchronized Swimming,silver
Raquel Corral,Female Synchronized Swimming,silver
Saho Harada,Female Synchronized Swimming,bronze
Sun Qiuting,Female Synchronized Swimming,bronze
Svetlana Romashina,Female Synchronized Swimming,gold
Thaïs Henríquez,Female Synchronized Swimming,silver
Wang Na,Female Synchronized Swimming,bronze
Yelena Ovchinnikova,Female Synchronized Swimming,gold
Zhang Xiaohuan,Female Synchronized Swimming,bronze
Christian Süß,Male Table Tennis,silver
Dimitrij Ovtcharov,Male Table Tennis,silver
Ma Lin,Male Table Tennis,gold
Oh Sang-eun,Male Table Tennis,bronze
Ryu Seung-min,Male Table Tennis,bronze
Timo Boll,Male Table Tennis,silver
Wang Hao,Male Table Tennis,silver
Wang Liqin,Male Table Tennis,bronze
Yoon Jae-Young,Male Table Tennis,bronze
Dang Ye-seo,Female Table Tennis,bronze
Feng Tianwei,Female Table Tennis,silver
Guo Yue,Female Table Tennis,bronze
Kim Kyungah,Female Table Tennis,bronze
Li Jiawei,Female Table Tennis,silver
Park Mi-Young,Female Table Tennis,bronze
Wang Nan,Female Table Tennis,silver
Wang Yuegu,Female Table Tennis,silver
Zhang Yining,Female Table Tennis,gold
Alexandros Nikolaidis,Male Taekwondo,silver
Arman Chilmanov,Male Taekwondo,bronze
Cha Dong-Min,Male Taekwondo,gold
Chika Chukwumerije,Male Taekwondo,bronze
Chu Mu-yen,Male Taekwondo,bronze
Gabriel Mercedes,Male Taekwondo,silver
Guillermo Pérez,Male Taekwondo,gold
Hadi Saei,Male Taekwondo,gold
Mark López,Male Taekwondo,silver
Mauro Sarmiento,Male Taekwondo,silver
Rohullah Nikpai,Male Taekwondo,bronze
Servet Tazegül,Male Taekwondo,bronze
Son Tae-jin,Male Taekwondo,gold
Steven López,Male Taekwondo,bronze
Sung Yu-chi,Male Taekwondo,bronze
Zhu Guo,Male Taekwondo,bronze
Azize Tanrıkulu,Female Taekwondo,silver
Buttree Puedpong,Female Taekwondo,silver
Dalia Contreras,Female Taekwondo,bronze
Daynellis Montejo,Female Taekwondo,bronze
Diana López,Female Taekwondo,bronze
Gwladys Épangue,Female Taekwondo,bronze
Hwang Kyung-Seon,Female Taekwondo,gold
Karine Sergerie,Female Taekwondo,silver
Lim Su-jeong,Female Taekwondo,gold
Martina Zubčić,Female Taekwondo,bronze
María Espinoza,Female Taekwondo,gold
Natália Falavigna,Female Taekwondo,bronze
Nina Solheim,Female Taekwondo,silver
Sandra Šarić,Female Taekwondo,bronze
Sarah Stevenson,Female Taekwondo,bronze
Wu Jingyu,Female Taekwondo,gold
Bob Bryan,Male Tennis,bronze
Fernando González,Male Tennis,silver
Mike Bryan,Male Tennis,bronze
Novak Djokovic,Male Tennis,bronze
Rafael Nadal,Male Tennis,gold
Roger Federer,Male Tennis,gold
Simon Aspelin,Male Tennis,silver
Stan Wawrinka,Male Tennis,gold
Thomas Johansson,Male Tennis,silver
Anabel Medina Garrigues,Female Tennis,silver
Dinara Safina,Female Tennis,silver
Elena Dementieva,Female Tennis,gold
Serena Williams,Female Tennis,gold
Venus Williams,Female Tennis,gold
Vera Zvonareva,Female Tennis,bronze
Virginia Ruano Pascual,Female Tennis,silver
Yan Zi,Female Tennis,bronze
Zheng Jie,Female Tennis,bronze
Bevan Docherty,Male Triathlon,bronze
Jan Frodeno,Male Triathlon,gold
Simon Whitfield,Male Triathlon,silver
Emma Moffatt,Female Triathlon,bronze
Emma Snowsill,Female Triathlon,gold
Vanessa Fernandes,Female Triathlon,silver
Emanuel Rego,Male Beach Volleyball,bronze
Fábio Luiz Magalhães,Male Beach Volleyball,silver
Márcio Araújo,Male Beach Volleyball,silver
Phil Dalhausser,Male Beach Volleyball,gold
Ricardo Santos,Male Beach Volleyball,bronze
Todd Rogers,Male Beach Volleyball,gold
Kerri Walsh Jennings,Female Beach Volleyball,gold
Misty May-Treanor,Female Beach Volleyball,gold
Tian Jia,Female Beach Volleyball,silver
Wang Jie,Female Beach Volleyball,silver
Xue Chen,Female Beach Volleyball,bronze
Zhang Xi,Female Beach Volleyball,bronze
Aleksandr Korneev,Male Volleyball,bronze
Aleksandr Kosarev,Male Volleyball,bronze
Aleksandr Volkov,Male Volleyball,bronze
Aleksey Kuleshov,Male Volleyball,bronze
Aleksey Ostapenko,Male Volleyball,bronze
Aleksey Verbov,Male Volleyball,bronze
Anderson Rodrigues,Male Volleyball,silver
André Heller,Male Volleyball,silver
André Nascimento,Male Volleyball,silver
Bruno Rezende,Male Volleyball,silver
Clayton Stanley,Male Volleyball,gold
Dante Amaral,Male Volleyball,silver
David Lee,Male Volleyball,gold
Gabriel Gardner,Male Volleyball,gold
Giba,Male Volleyball,silver
Gustavo Endres,Male Volleyball,silver
Kevin Hansen,Male Volleyball,gold
Lloy Ball,Male Volleyball,gold
Marcelo Elgarten,Male Volleyball,silver
Maxim Mikhaylov,Male Volleyball,bronze
Murilo Endres,Male Volleyball,silver
Reid Priddy,Male Volleyball,gold
Richard Lambourne,Male Volleyball,gold
Riley Salmon,Male Volleyball,gold
Rodrigão,Male Volleyball,silver
Ryan Millar,Male Volleyball,gold
Samuel Fuchs,Male Volleyball,silver
Scott Touzinsky,Male Volleyball,gold
Sean Rooney,Male Volleyball,gold
Semyon Poltavskiy,Male Volleyball,bronze
Sergey Grankin,Male Volleyball,bronze
Sergey Tetyukhin,Male Volleyball,bronze
Sérgio Santos,Male Volleyball,silver
Thomas Hoff,Male Volleyball,gold
Vadim Khamuttskikh,Male Volleyball,bronze
Yury Berezhko,Male Volleyball,bronze
Carolina Albuquerque,Female Volleyball,gold
Danielle Scott-Arruda,Female Volleyball,silver
Fabiana Claudino,Female Volleyball,gold
Fabiana de Oliveira,Female Volleyball,gold
Feng Kun,Female Volleyball,bronze
Fofão,Female Volleyball,gold
Heather Bown,Female Volleyball,silver
Jaqueline Carvalho,Female Volleyball,gold
Jennifer Joines,Female Volleyball,silver
Kim Glass,Female Volleyball,silver
Kim Willoughby,Female Volleyball,silver
Li Juan,Female Volleyball,bronze
Lindsey Berg,Female Volleyball,silver
Liu Yanan,Female Volleyball,bronze
Logan Tom,Female Volleyball,silver
Ma Yunwen,Female Volleyball,bronze
Marianne Steinbrecher,Female Volleyball,gold
Nicole Davis,Female Volleyball,silver
Ogonna Nnamani,Female Volleyball,silver
Paula Pequeno,Female Volleyball,gold
Robyn Ah Mow-Santos,Female Volleyball,silver
Sheilla Castro,Female Volleyball,gold
Stacy Sykora,Female Volleyball,silver
Tayyiba Haneef-Park,Female Volleyball,silver
Thaísa Menezes,Female Volleyball,gold
Valeska Menezes,Female Volleyball,gold
Walewska Oliveira,Female Volleyball,gold
Wang Yimei,Female Volleyball,bronze
Wei Qiuyue,Female Volleyball,bronze
Welissa Gonzaga,Female Volleyball,gold
Xu Yunli,Female Volleyball,bronze
Xue Ming,Female Volleyball,bronze
Yang Hao,Female Volleyball,bronze
Zhang Na,Female Volleyball,bronze
Zhao Ruirui,Female Volleyball,bronze
Zhou Suhong,Female Volleyball,bronze
Adam Wright,Male Water Polo,silver
Aleksandar Ćirić,Male Water Polo,bronze
Aleksandar Šapić,Male Water Polo,bronze
Andrija Prlainović,Male Water Polo,bronze
Brandon Brooks,Male Water Polo,silver
Branko Peković,Male Water Polo,bronze
Dejan Savić,Male Water Polo,bronze
Denis Šefik,Male Water Polo,bronze
Duško Pijetlović,Male Water Polo,bronze
Dániel Varga,Male Water Polo,gold
Dénes Varga,Male Water Polo,gold
Filip Filipović,Male Water Polo,bronze
Gergely Kiss,Male Water Polo,gold
Gábor Kis,Male Water Polo,gold
István Gergely,Male Water Polo,gold
J. W. Krumpholz,Male Water Polo,silver
Jeff Powers,Male Water Polo,silver
Jesse Smith,Male Water Polo,silver
Layne Beaubien,Male Water Polo,silver
Merrill Moses,Male Water Polo,silver
Nikola Rađen,Male Water Polo,bronze
Norbert Hosnyánszky,Male Water Polo,gold
Norbert Madaras,Male Water Polo,gold
Peter Hudnut,Male Water Polo,silver
Peter Varellas,Male Water Polo,silver
Péter Biros,Male Water Polo,gold
Rick Merlo,Male Water Polo,silver
Ryan Bailey,Male Water Polo,silver
Slobodan Soro,Male Water Polo,bronze
Tamás Kásás,Male Water Polo,gold
Tamás Molnár,Male Water Polo,gold
Tamás Varga,Male Water Polo,gold
Tibor Benedek,Male Water Polo,gold
Tim Hutten,Male Water Polo,silver
Tony Azevedo,Male Water Polo,silver
Vanja Udovičić,Male Water Polo,bronze
Vladimir Vujasinović,Male Water Polo,bronze
Zoltán Szécsi,Male Water Polo,gold
Živko Gocić,Male Water Polo,bronze
Alette Sijbring,Female Water Polo,gold
Alicia McCormack,Female Water Polo,bronze
Alison Gregorka,Female Water Polo,silver
Amy Hetzel,Female Water Polo,bronze
Biurakn Hakhverdian,Female Water Polo,gold
Brenda Villa,Female Water Polo,silver
Brittany Hayes,Female Water Polo,silver
Bronwen Knox,Female Water Polo,bronze
Daniëlle de Bruijn,Female Water Polo,gold
Elizabeth Armstrong,Female Water Polo,silver
Elsie Windes,Female Water Polo,silver
Emma Knox,Female Water Polo,bronze
Gemma Beadsworth,Female Water Polo,bronze
Gillian van den Berg,Female Water Polo,gold
Heather Petri,Female Water Polo,silver
Iefke van Belkum,Female Water Polo,gold
Ilse van der Meijden,Female Water Polo,gold
Jaime Komer,Female Water Polo,silver
Jenna Santoromito,Female Water Polo,bronze
Jessica Steffens,Female Water Polo,silver
Kami Craig,Female Water Polo,silver
Kate Gynther,Female Water Polo,bronze
Lauren Wenger,Female Water Polo,silver
Marieke van den Ham,Female Water Polo,gold
Meike de Nooy,Female Water Polo,gold
Melissa Rippon,Female Water Polo,bronze
Mia Santoromito,Female Water Polo,bronze
Mieke Cabout,Female Water Polo,gold
Moriah van Norman,Female Water Polo,silver
Natalie Golda,Female Water Polo,silver
Nikita Cuffe,Female Water Polo,bronze
Noeki Klein,Female Water Polo,gold
Patty Cardenas,Female Water Polo,silver
Rebecca Rippon,Female Water Polo,bronze
Rianne Guichelaar,Female Water Polo,gold
Simone Koot,Female Water Polo,gold
Suzie Fraser,Female Water Polo,bronze
Taniele Gofers,Female Water Polo,bronze
Yasemin Smit,Female Water Polo,gold
Andrei Aramnau,Male Weightlifting,gold
Arsen Kasabiev,Male Weightlifting,silver
Diego Salazar,Male Weightlifting,silver
Dmitry Klokov,Male Weightlifting,silver
Eko Irawan,Male Weightlifting,bronze
Evgeny Chigishev,Male Weightlifting,silver
Gevorg Davtyan,Male Weightlifting,bronze
Hoang Anh Tuan,Male Weightlifting,silver
Jadier Valladares,Male Weightlifting,bronze
Li Hongli,Male Weightlifting,silver
Liao Hui,Male Weightlifting,gold
Long Qingquan,Male Weightlifting,gold
Lu Yong,Male Weightlifting,gold
Marcin Dołęga,Male Weightlifting,bronze
Matthias Steiner,Male Weightlifting,gold
Sa Jae-Hyouk,Male Weightlifting,gold
Szymon Kołecki,Male Weightlifting,gold
Tigran Vardan Martirosyan,Male Weightlifting,silver
Triyatno,Male Weightlifting,bronze
Vencelas Dabaya,Male Weightlifting,silver
Viktors Ščerbatihs,Male Weightlifting,bronze
Yoandry Hernández,Male Weightlifting,bronze
Yordanis Borrero,Male Weightlifting,bronze
Zhang Xiangxiang,Male Weightlifting,gold
Abeer Abdelrahman,Female Weightlifting,bronze
Alla Vazhenina,Female Weightlifting,gold
Chen Wei-ling,Female Weightlifting,gold
Chen Yanqing,Female Weightlifting,gold
Christine Girard,Female Weightlifting,bronze
Damaris Gabriela Aguirre Aldaz,Female Weightlifting,bronze
Ele Opeloge,Female Weightlifting,silver
Im Jyoung-Hwa,Female Weightlifting,silver
Jang Mi-ran,Female Weightlifting,gold
Leydi Solís,Female Weightlifting,silver
Lu Ying-chi,Female Weightlifting,silver
Lydia Valentín,Female Weightlifting,silver
Mariam Usman,Female Weightlifting,bronze
O Jong-ae,Female Weightlifting,silver
Oksana Slivenko,Female Weightlifting,gold
Pak Hyon-suk,Female Weightlifting,gold
Pensiri Laosirikul,Female Weightlifting,bronze
Prapawadee Jaroenrattanatarakoon,Female Weightlifting,gold
Raema Lisa Rumbewas,Female Weightlifting,bronze
Wandee Kameaim,Female Weightlifting,bronze
Yoon Jin-Hee,Female Weightlifting,silver
Andriy Stadnik,Male Freestyle Wrestling,silver
Bakhtiyar Akhmedov,Male Freestyle Wrestling,gold
Bazar Bazarguruev,Male Freestyle Wrestling,bronze
Besik Kudukhov,Male Freestyle Wrestling,bronze
Buvaisar Saitiev,Male Freestyle Wrestling,gold
David Musuľbes,Male Freestyle Wrestling,silver
Disney Rodríguez,Male Freestyle Wrestling,bronze
Georgy Ketoyev,Male Freestyle Wrestling,bronze
Gheorghiță Ștefan,Male Freestyle Wrestling,bronze
Giorgi Gogshelidze,Male Freestyle Wrestling,silver
Henry Cejudo,Male Freestyle Wrestling,gold
Kenichi Yumoto,Male Freestyle Wrestling,silver
Khetag Gazyumov,Male Freestyle Wrestling,bronze
Kiril Terziev,Male Freestyle Wrestling,bronze
Marid Mutalimov,Male Freestyle Wrestling,bronze
Mavlet Batirov,Male Freestyle Wrestling,gold
Michel Batista Martínez,Male Freestyle Wrestling,bronze
Morad Mohammadi,Male Freestyle Wrestling,bronze
Murad Gaidarov,Male Freestyle Wrestling,silver
Otar Tushishvili,Male Freestyle Wrestling,bronze
Radoslav Velikov,Male Freestyle Wrestling,bronze
Ramazan Şahin,Male Freestyle Wrestling,gold
Revaz Mindorashvili,Male Freestyle Wrestling,gold
Shirvani Muradov,Male Freestyle Wrestling,gold
Sushil Kumar,Male Freestyle Wrestling,bronze
Taras Danko,Male Freestyle Wrestling,bronze
Tomohiro Matsunaga,Male Freestyle Wrestling,silver
Yusup Abdusalomov,Male Freestyle Wrestling,silver
Agnieszka Wieszczek-Kordus,Female Freestyle Wrestling,bronze
Alena Kartashova,Female Freestyle Wrestling,silver
Carol Huynh,Female Freestyle Wrestling,gold
Chiharu Icho,Female Freestyle Wrestling,silver
Iryna Merleni,Female Freestyle Wrestling,bronze
Jackeline Rentería,Female Freestyle Wrestling,bronze
Kaori Icho,Female Freestyle Wrestling,gold
Kyoko Hamaguchi,Female Freestyle Wrestling,bronze
Mariya Stadnik,Female Freestyle Wrestling,bronze
Randi Miller,Female Freestyle Wrestling,bronze
Saori Yoshida,Female Freestyle Wrestling,gold
Stanka Zlateva,Female Freestyle Wrestling,silver
Tonya Verbeek,Female Freestyle Wrestling,bronze
Wang Jiao,Female Freestyle Wrestling,gold
Xu Li,Female Freestyle Wrestling,silver
Yelena Shalygina,Female Freestyle Wrestling,bronze
Adam Wheeler,Male Greco-Roman Wrestling,bronze
Andrea Minguzzi,Male Greco-Roman Wrestling,gold
Armen Vardanyan,Male Greco-Roman Wrestling,bronze
Aslanbek Khushtov,Male Greco-Roman Wrestling,gold
Chang Yongxiang,Male Greco-Roman Wrestling,silver
Christophe Guénot,Male Greco-Roman Wrestling,bronze
Islambek Albiev,Male Greco-Roman Wrestling,gold
Kanatbek Begaliev,Male Greco-Roman Wrestling,silver
Manuchar Kvirkvelia,Male Greco-Roman Wrestling,gold
Marek Švec,Male Greco-Roman Wrestling,bronze
Mijaín López,Male Greco-Roman Wrestling,gold
Mikhail Siamionau,Male Greco-Roman Wrestling,bronze
Mindaugas Mizgaitis,Male Greco-Roman Wrestling,silver
Mirko Englich,Male Greco-Roman Wrestling,silver
Nazmi Avluca,Male Greco-Roman Wrestling,bronze
Nazyr Mankiev,Male Greco-Roman Wrestling,gold
Nurbakyt Tengizbayev,Male Greco-Roman Wrestling,silver
Park Eun-Chul,Male Greco-Roman Wrestling,bronze
Roman Amoyan,Male Greco-Roman Wrestling,bronze
Rovshan Bayramov,Male Greco-Roman Wrestling,silver
Ruslan Tumenbaev,Male Greco-Roman Wrestling,bronze
Sheng Jiang,Male Greco-Roman Wrestling,bronze
Steeve Guénot,Male Greco-Roman Wrestling,gold
Yannick Szczepaniak,Male Greco-Roman Wrestling,bronze
Yavor Yanakiev,Male Greco-Roman Wrestling,bronze
Yury Patrikeyev,Male Greco-Roman Wrestling,bronze
Zoltán Fodor,Male Greco-Roman Wrestling,silver
